0,1.4027,1
0.02,1.4125,1
0.04,1.4076,1
0.06,1.3881,1
0.08,1.3978,1
0.1,1.4174,1
0.12,1.4076,1
0.14,1.4418,1
0.16,2.9521,1
0.18,3.0743,1
0.2,2.8495,1
0.22,2.5318,1
0.24,2.0577,1
0.26,1.7986,1
0.28,2.1163,1
0.3,2.7908,1
0.32,3.4066,1
0.34,3.7683,1
0.36,4.0176,1
0.38,4.1593,1
0.4,4.1056,1
0.42,4.1935,1
0.44,4.1447,1
0.46,4.0127,1
0.48,3.7586,1
0.5,3.6706,1
0.52,3.5533,1
0.54,3.6706,1
0.56,3.9541,1
0.58,3.5386,1
0.6,3.4946,1
0.62,3.9492,1
0.64,3.7097,1
0.66,3.9052,1
0.68,4.5357,1
0.7,3.6657,1
0.72,3.4751,1
0.74,3.7048,1
0.76,4.0176,1
0.78,3.9443,1
0.8,2.4829,1
0.82,1.5298,1
0.84,1.5249,1
0.86,1.5005,1
0.88,1.4858,1
0.9,1.4076,1
0.92,1.6569,1
0.94,1.8671,1
0.96,1.4467,1
0.98,1.4809,1
1,1.4858,1
1.02,1.4565,1
1.04,1.437,1
1.06,1.4418,1
1.08,1.437,1
1.1,1.4663,1
1.12,1.4614,1
1.14,1.4467,1
1.16,1.4418,1
1.18,1.4418,1
1.2,1.4467,1
1.22,1.437,1
1.24,1.4516,1
1.26,1.4418,1
1.28,1.4467,1
1.3,1.4467,1
1.32,1.4516,1
1.34,1.4565,1
1.36,1.437,1
1.38,1.4663,1
1.4,1.4418,1
1.42,1.4418,1
1.44,1.4565,1
1.46,1.4614,1
1.48,1.4418,1
1.5,1.4321,1
1.52,1.4321,1
1.54,1.4467,1
1.56,1.4516,1
1.58,1.4565,1
1.6,1.4321,1
1.62,1.4516,1
1.64,1.4272,1
1.66,1.4467,1
1.68,1.4321,1
1.7,1.4223,1
1.72,1.4467,1
1.74,1.437,1
1.76,1.4516,1
1.78,1.4663,1
1.8,1.4907,1
1.82,1.4907,1
1.84,1.4858,1
1.86,1.4956,1
1.88,1.5103,1
1.9,1.5005,1
1.92,1.5396,1
1.94,1.437,1
1.96,1.4467,1
1.98,1.4321,1
2,1.4125,1
2.02,1.4027,1
2.04,1.3734,1
2.06,1.3587,1
2.08,1.3441,1
2.1,1.4663,1
2.12,1.9208,1
2.14,3.6559,1
2.16,4.6139,1
2.18,4.6676,1
2.2,3.695,1
2.22,3.6657,1
2.24,3.4115,1
2.26,2.3363,1
2.28,1.6276,1
2.3,1.5738,1
2.32,1.564,1
2.34,1.5543,1
2.36,1.5445,1
2.38,1.5543,1
2.4,1.564,1
2.42,1.5543,1
2.44,1.5347,1
2.46,1.5494,1
2.48,1.5445,1
2.5,1.5591,1
2.52,1.564,1
2.54,1.5347,1
2.56,1.564,1
2.58,1.5396,1
2.6,1.5591,1
2.62,1.5445,1
2.64,1.5445,1
2.66,1.5591,1
2.68,1.5738,1
2.7,1.5543,1
2.72,1.5591,1
2.74,1.5494,1
2.76,1.5445,1
2.78,1.564,1
2.8,1.5738,1
2.82,1.564,1
2.84,1.5494,1
2.86,1.5836,1
2.88,1.5738,1
2.9,1.5543,1
2.92,2.0723,1
2.94,4.4379,1
2.96,4.6383,1
2.98,4.6041,1
3,4.7165,1
3.02,4.3744,1
3.04,2.7224,1
3.06,1.5445,1
3.08,1.3099,1
3.1,1.3196,1
3.12,1.4467,1
3.14,1.4858,1
3.16,3.3675,1
3.18,4.4135,1
3.2,4.6725,1
3.22,3.9296,1
3.24,4.2375,1
3.26,1.9892,1
3.28,1.5249,1
3.3,1.4076,1
3.32,1.2757,1
3.34,1.4125,1
3.36,2.0088,1
3.38,2.5904,1
3.4,2.39,1
3.42,3.5044,1
3.44,3.8416,1
3.46,3.348,1
3.48,2.6442,1
3.5,1.5885,1
3.52,1.5543,1
3.54,1.5445,1
3.56,1.5249,1
3.58,1.52,1
3.6,1.5103,1
3.62,1.5347,1
3.64,1.5152,1
3.66,1.5152,1
3.68,1.5054,1
3.7,1.52,1
3.72,1.5249,1
3.74,1.52,1
3.76,1.5298,1
3.78,1.52,1
3.8,1.5249,1
3.82,1.5298,1
3.84,1.5347,1
3.86,1.4907,1
3.88,1.5445,1
3.9,1.5543,1
3.92,1.5543,1
3.94,1.5445,1
3.96,1.5543,1
3.98,0,1
0,2.1359,2
0.02,2.1261,2
0.04,2.131,2
0.06,2.131,2
0.08,2.131,2
0.1,2.1505,2
0.12,2.1261,2
0.14,2.1261,2
0.16,3.3138,2
0.18,3.1818,2
0.2,3.1965,2
0.22,3.0596,2
0.24,2.5513,2
0.26,2.2776,2
0.28,2.2336,2
0.3,2.1799,2
0.32,2.1408,2
0.34,2.1554,2
0.36,2.1359,2
0.38,2.1359,2
0.4,2.1359,2
0.42,2.1505,2
0.44,2.1505,2
0.46,2.1408,2
0.48,2.1554,2
0.5,2.1554,2
0.52,2.1359,2
0.54,2.1505,2
0.56,2.1505,2
0.58,2.1359,2
0.6,2.1554,2
0.62,2.1359,2
0.64,2.1359,2
0.66,2.1457,2
0.68,2.1505,2
0.7,2.1457,2
0.72,2.1457,2
0.74,2.131,2
0.76,2.1554,2
0.78,2.1603,2
0.8,2.1457,2
0.82,2.1408,2
0.84,2.1505,2
0.86,2.1457,2
0.88,2.1505,2
0.9,2.1652,2
0.92,2.1701,2
0.94,2.1505,2
0.96,2.1505,2
0.98,2.1359,2
1,2.1457,2
1.02,2.1261,2
1.04,2.1261,2
1.06,2.1408,2
1.08,2.1408,2
1.1,2.1359,2
1.12,2.131,2
1.14,2.1408,2
1.16,2.131,2
1.18,2.1408,2
1.2,2.1261,2
1.22,2.1114,2
1.24,2.1359,2
1.26,2.1212,2
1.28,2.1505,2
1.3,2.1408,2
1.32,2.1114,2
1.34,2.1408,2
1.36,2.1261,2
1.38,2.1261,2
1.4,2.1261,2
1.42,2.131,2
1.44,2.131,2
1.46,2.1408,2
1.48,2.1505,2
1.5,2.1457,2
1.52,2.131,2
1.54,2.1261,2
1.56,2.1457,2
1.58,2.1359,2
1.6,2.131,2
1.62,2.1554,2
1.64,2.1408,2
1.66,2.1359,2
1.68,2.131,2
1.7,2.1212,2
1.72,3.4848,2
1.74,3.4995,2
1.76,2.7175,2
1.78,2.346,2
1.8,2.2678,2
1.82,2.2923,2
1.84,2.2972,2
1.86,2.3509,2
1.88,2.3314,2
1.9,2.3656,2
1.92,3.3382,2
1.94,2.2336,2
1.96,2.2043,2
1.98,2.9081,2
2,3.8612,2
2.02,4.4037,2
2.04,4.7507,2
2.06,4.6579,2
2.08,4.4721,2
2.1,4.0371,2
2.12,3.4995,2
2.14,2.6735,2
2.16,2.1799,2
2.18,2.1359,2
2.2,2.1359,2
2.22,2.1359,2
2.24,2.1408,2
2.26,2.1261,2
2.28,2.1359,2
2.3,2.1212,2
2.32,2.1163,2
2.34,2.131,2
2.36,2.1212,2
2.38,2.1212,2
2.4,2.1408,2
2.42,2.1163,2
2.44,2.1212,2
2.46,2.1065,2
2.48,2.1261,2
2.5,2.1408,2
2.52,2.1212,2
2.54,2.131,2
2.56,2.1261,2
2.58,2.1359,2
2.6,2.1359,2
2.62,2.1261,2
2.64,2.131,2
2.66,2.131,2
2.68,2.1212,2
2.7,2.1457,2
2.72,2.1408,2
2.74,2.1261,2
2.76,2.1065,2
2.78,2.131,2
2.8,2.1212,2
2.82,2.1212,2
2.84,2.1408,2
2.86,2.131,2
2.88,2.1261,2
2.9,2.1359,2
2.92,2.131,2
2.94,2.1505,2
2.96,2.1554,2
2.98,2.131,2
3,2.1261,2
3.02,2.2972,2
3.04,3.3382,2
3.06,4.4379,2
3.08,4.5943,2
3.1,2.3949,2
3.12,2.131,2
3.14,2.1505,2
3.16,2.1701,2
3.18,2.1554,2
3.2,2.1457,2
3.22,2.1457,2
3.24,2.131,2
3.26,3.6706,2
3.28,4.3597,2
3.3,4.5308,2
3.32,3.4604,2
3.34,2.1408,2
3.36,2.131,2
3.38,2.131,2
3.4,2.1359,2
3.42,2.1457,2
3.44,2.1408,2
3.46,2.1505,2
3.48,2.1163,2
3.5,2.1261,2
3.52,2.1408,2
3.54,2.1261,2
3.56,2.1359,2
3.58,2.1212,2
3.6,2.1359,2
3.62,2.1114,2
3.64,2.1212,2
3.66,2.1359,2
3.68,2.131,2
3.7,2.1359,2
3.72,2.1212,2
3.74,2.1212,2
3.76,2.1212,2
3.78,2.1212,2
3.8,2.1163,2
3.82,2.131,2
3.84,2.1261,2
3.86,2.0968,2
3.88,2.1163,2
3.9,2.1457,2
3.92,2.1163,2
3.94,2.1212,2
3.96,2.1212,2
3.98,0,2
0,1.6422,3
0.02,1.6569,3
0.04,1.652,3
0.06,1.6227,3
0.08,1.652,3
0.1,1.6471,3
0.12,1.6471,3
0.14,1.6764,3
0.16,3.5973,3
0.18,3.827,3
0.2,3.7683,3
0.22,3.8514,3
0.24,3.827,3
0.26,3.7243,3
0.28,3.871,3
0.3,4.0714,3
0.32,4.306,3
0.34,4.4477,3
0.36,4.5699,3
0.38,4.6139,3
0.4,4.5015,3
0.42,4.477,3
0.44,4.1984,3
0.46,3.5679,3
0.48,2.8543,3
0.5,2.8543,3
0.52,2.5318,3
0.54,2.5415,3
0.56,2.9668,3
0.58,2.1554,3
0.6,2.1799,3
0.62,3.6364,3
0.64,2.4927,3
0.66,2.6246,3
0.68,2.8201,3
0.7,2.0479,3
0.72,2.1261,3
0.74,2.1994,3
0.76,2.7175,3
0.78,3.8661,3
0.8,2.4047,3
0.82,1.8866,3
0.84,1.7204,3
0.86,1.7107,3
0.88,1.6667,3
0.9,1.9208,3
0.92,3.8661,3
0.94,2.8006,3
0.96,1.74,3
0.98,1.6911,3
1,1.6911,3
1.02,1.6618,3
1.04,1.6227,3
1.06,1.608,3
1.08,1.6373,3
1.1,1.6373,3
1.12,1.6471,3
1.14,1.6569,3
1.16,1.6129,3
1.18,1.6227,3
1.2,1.6227,3
1.22,1.6325,3
1.24,1.6227,3
1.26,1.6422,3
1.28,1.6373,3
1.3,1.6276,3
1.32,1.6227,3
1.34,1.6276,3
1.36,1.6325,3
1.38,1.6276,3
1.4,1.608,3
1.42,1.6129,3
1.44,1.6325,3
1.46,1.6227,3
1.48,1.6129,3
1.5,1.6276,3
1.52,1.6227,3
1.54,1.6227,3
1.56,1.6276,3
1.58,1.5836,3
1.6,1.6178,3
1.62,1.6227,3
1.64,1.608,3
1.66,1.6129,3
1.68,1.6178,3
1.7,1.5934,3
1.72,1.5982,3
1.74,1.6031,3
1.76,1.74,3
1.78,1.74,3
1.8,1.74,3
1.82,1.7644,3
1.84,1.7644,3
1.86,1.7498,3
1.88,1.7644,3
1.9,1.7889,3
1.92,2.478,3
1.94,1.8719,3
1.96,1.6227,3
1.98,1.5787,3
2,1.5249,3
2.02,1.4761,3
2.04,1.4418,3
2.06,1.4174,3
2.08,1.7986,3
2.1,2.6344,3
2.12,2.3803,3
2.14,3.7732,3
2.16,4.6872,3
2.18,4.8631,3
2.2,3.7634,3
2.22,3.915,3
2.24,3.6022,3
2.26,2.3851,3
2.28,1.7253,3
2.3,1.7546,3
2.32,1.74,3
2.34,1.7449,3
2.36,1.7351,3
2.38,1.74,3
2.4,1.7449,3
2.42,1.74,3
2.44,1.7498,3
2.46,1.74,3
2.48,1.7302,3
2.5,1.74,3
2.52,1.7498,3
2.54,1.7546,3
2.56,1.7644,3
2.58,1.7644,3
2.6,1.7498,3
2.62,1.7546,3
2.64,1.7449,3
2.66,1.7595,3
2.68,1.7498,3
2.7,1.7791,3
2.72,1.7546,3
2.74,1.7449,3
2.76,1.7546,3
2.78,1.7546,3
2.8,1.7595,3
2.82,1.7644,3
2.84,1.7546,3
2.86,1.7644,3
2.88,1.7449,3
2.9,1.7546,3
2.92,2.087,3
2.94,4.5357,3
2.96,4.6823,3
2.98,4.7947,3
3,4.8778,3
3.02,4.6188,3
3.04,3.3627,3
3.06,1.9941,3
3.08,1.608,3
3.1,1.437,3
3.12,1.7937,3
3.14,2.4829,3
3.16,3.6461,3
3.18,3.651,3
3.2,4.6579,3
3.22,4.7214,3
3.24,4.7263,3
3.26,2.9521,3
3.28,2.2239,3
3.3,1.9257,3
3.32,2.3558,3
3.34,2.8201,3
3.36,2.8983,3
3.38,2.3412,3
3.4,2.219,3
3.42,3.3871,3
3.44,3.7292,3
3.46,3.1965,3
3.48,2.2336,3
3.5,1.74,3
3.52,1.7253,3
3.54,1.7253,3
3.56,1.74,3
3.58,1.7351,3
3.6,1.7351,3
3.62,1.7498,3
3.64,1.7498,3
3.66,1.7351,3
3.68,1.7351,3
3.7,1.7253,3
3.72,1.7351,3
3.74,1.74,3
3.76,1.74,3
3.78,1.7302,3
3.8,1.7351,3
3.82,1.74,3
3.84,1.7449,3
3.86,1.7449,3
3.88,1.74,3
3.9,1.7546,3
3.92,1.7546,3
3.94,1.7449,3
3.96,1.7498,3
3.98,0,3
0,2.1896,4
0.02,2.175,4
0.04,2.175,4
0.06,2.2043,4
0.08,2.1799,4
0.1,2.1896,4
0.12,2.1603,4
0.14,2.2141,4
0.16,4.1447,4
0.18,4.3793,4
0.2,4.3939,4
0.22,4.5064,4
0.24,4.4966,4
0.26,4.3891,4
0.28,4.4233,4
0.3,4.433,4
0.32,4.3695,4
0.34,4.2815,4
0.36,4.1593,4
0.38,3.9198,4
0.4,3.3187,4
0.42,3.0547,4
0.44,2.3705,4
0.46,2.219,4
0.48,2.2239,4
0.5,2.2239,4
0.52,2.2141,4
0.54,2.2141,4
0.56,2.2141,4
0.58,2.2239,4
0.6,2.2239,4
0.62,2.219,4
0.64,2.2287,4
0.66,2.219,4
0.68,2.219,4
0.7,2.2092,4
0.72,2.2239,4
0.74,2.2336,4
0.76,2.219,4
0.78,2.2239,4
0.8,2.219,4
0.82,2.2336,4
0.84,2.1994,4
0.86,2.219,4
0.88,2.2239,4
0.9,2.2141,4
0.92,3.7439,4
0.94,2.6344,4
0.96,2.2092,4
0.98,2.2092,4
1,2.2336,4
1.02,2.2092,4
1.04,2.175,4
1.06,2.1603,4
1.08,2.131,4
1.1,2.1163,4
1.12,2.1261,4
1.14,2.1065,4
1.16,2.0919,4
1.18,2.0919,4
1.2,2.1017,4
1.22,2.131,4
1.24,2.1114,4
1.26,2.1261,4
1.28,2.1114,4
1.3,2.1114,4
1.32,2.1065,4
1.34,2.1017,4
1.36,2.0968,4
1.38,2.0919,4
1.4,2.0626,4
1.42,2.0626,4
1.44,2.0772,4
1.46,2.0723,4
1.48,2.1114,4
1.5,2.0919,4
1.52,2.0919,4
1.54,2.087,4
1.56,2.0919,4
1.58,2.1017,4
1.6,2.087,4
1.62,2.0772,4
1.64,2.0821,4
1.66,2.0723,4
1.68,2.0821,4
1.7,2.0235,4
1.72,2.1505,4
1.74,2.6149,4
1.76,2.6588,4
1.78,2.4194,4
1.8,2.3656,4
1.82,2.3851,4
1.84,2.4047,4
1.86,2.4291,4
1.88,2.4291,4
1.9,2.522,4
1.92,3.9589,4
1.94,3.0352,4
1.96,2.5513,4
1.98,2.1408,4
2,1.8719,4
2.02,1.8573,4
2.04,1.9648,4
2.06,3.651,4
2.08,4.4428,4
2.1,4.697,4
2.12,4.4135,4
2.14,4.5797,4
2.16,4.5455,4
2.18,3.4311,4
2.2,2.4047,4
2.22,3.1134,4
2.24,3.1916,4
2.26,2.4536,4
2.28,2.2287,4
2.3,2.219,4
2.32,2.2092,4
2.34,2.219,4
2.36,2.2092,4
2.38,2.2141,4
2.4,2.219,4
2.42,2.219,4
2.44,2.2141,4
2.46,2.2141,4
2.48,2.2141,4
2.5,2.2092,4
2.52,2.2141,4
2.54,2.2092,4
2.56,2.2336,4
2.58,2.219,4
2.6,2.2141,4
2.62,2.2141,4
2.64,2.2385,4
2.66,2.219,4
2.68,2.2141,4
2.7,2.2239,4
2.72,2.219,4
2.74,2.2092,4
2.76,2.2141,4
2.78,2.2092,4
2.8,2.2141,4
2.82,2.219,4
2.84,2.2141,4
2.86,2.219,4
2.88,2.2092,4
2.9,2.2092,4
2.92,2.2483,4
2.94,3.5386,4
2.96,3.9638,4
2.98,3.8319,4
3,4.477,4
3.02,4.7849,4
3.04,4.6139,4
3.06,3.8514,4
3.08,4.5308,4
3.1,4.0518,4
3.12,2.5367,4
3.14,2.522,4
3.16,2.3705,4
3.18,2.2825,4
3.2,3.2502,4
3.22,3.8465,4
3.24,4.8631,4
3.26,4.6237,4
3.28,4.1007,4
3.3,4.1984,4
3.32,4.7165,4
3.34,3.6315,4
3.36,2.5415,4
3.38,2.2336,4
3.4,2.2483,4
3.42,2.7713,4
3.44,3.4409,4
3.46,3.1232,4
3.48,2.2385,4
3.5,2.2239,4
3.52,2.219,4
3.54,2.219,4
3.56,2.2287,4
3.58,2.2043,4
3.6,2.2043,4
3.62,2.2141,4
3.64,2.2092,4
3.66,2.2141,4
3.68,2.2092,4
3.7,2.1994,4
3.72,2.2239,4
3.74,2.2043,4
3.76,2.2092,4
3.78,2.2092,4
3.8,2.2043,4
3.82,2.2483,4
3.84,2.2092,4
3.86,2.1994,4
3.88,2.2092,4
3.9,2.2141,4
3.92,2.219,4
3.94,2.2141,4
3.96,2.2092,4
3.98,0,4
0,2.3851,5
0.02,2.3851,5
0.04,2.3803,5
0.06,2.3851,5
0.08,2.39,5
0.1,2.3754,5
0.12,2.3803,5
0.14,2.3949,5
0.16,3.7292,5
0.18,3.9247,5
0.2,3.9541,5
0.22,4.0567,5
0.24,3.9638,5
0.26,3.5924,5
0.28,3.5679,5
0.3,3.1134,5
0.32,2.5367,5
0.34,2.3998,5
0.36,2.3949,5
0.38,2.39,5
0.4,2.3803,5
0.42,2.3754,5
0.44,2.3851,5
0.46,2.3949,5
0.48,2.39,5
0.5,2.39,5
0.52,2.3851,5
0.54,2.3851,5
0.56,2.3949,5
0.58,2.3803,5
0.6,2.4096,5
0.62,2.39,5
0.64,2.39,5
0.66,2.3803,5
0.68,2.3949,5
0.7,2.3803,5
0.72,2.3754,5
0.74,2.3949,5
0.76,2.3949,5
0.78,2.3998,5
0.8,2.3949,5
0.82,2.39,5
0.84,2.3949,5
0.86,2.3949,5
0.88,2.3998,5
0.9,2.3949,5
0.92,2.4047,5
0.94,2.3949,5
0.96,2.39,5
0.98,2.3803,5
1,2.3851,5
1.02,2.39,5
1.04,2.3949,5
1.06,2.39,5
1.08,2.3851,5
1.1,2.3803,5
1.12,2.3803,5
1.14,2.4096,5
1.16,2.3754,5
1.18,2.3705,5
1.2,2.3607,5
1.22,2.3705,5
1.24,2.3705,5
1.26,2.3803,5
1.28,2.3803,5
1.3,2.3754,5
1.32,2.3656,5
1.34,2.3803,5
1.36,2.39,5
1.38,2.3705,5
1.4,2.3851,5
1.42,2.3656,5
1.44,2.3656,5
1.46,2.3705,5
1.48,2.3803,5
1.5,2.3705,5
1.52,2.3851,5
1.54,2.3705,5
1.56,2.3754,5
1.58,2.3754,5
1.6,2.3705,5
1.62,2.3754,5
1.64,2.3656,5
1.66,2.3705,5
1.68,2.3607,5
1.7,2.39,5
1.72,4.1691,5
1.74,3.4506,5
1.76,2.9032,5
1.78,2.5806,5
1.8,2.5122,5
1.82,2.5073,5
1.84,2.5415,5
1.86,2.5562,5
1.88,2.5513,5
1.9,2.6246,5
1.92,3.8905,5
1.94,2.7419,5
1.96,2.913,5
1.98,3.9296,5
2,4.2522,5
2.02,4.6481,5
2.04,4.7947,5
2.06,4.7116,5
2.08,4.5259,5
2.1,4.3255,5
2.12,3.9834,5
2.14,3.4751,5
2.16,2.4438,5
2.18,2.39,5
2.2,2.39,5
2.22,2.3851,5
2.24,2.39,5
2.26,2.3705,5
2.28,2.3754,5
2.3,2.3803,5
2.32,2.3851,5
2.34,2.3803,5
2.36,2.3705,5
2.38,2.4242,5
2.4,2.3851,5
2.42,2.39,5
2.44,2.39,5
2.46,2.39,5
2.48,2.3803,5
2.5,2.3803,5
2.52,2.3851,5
2.54,2.3754,5
2.56,2.3803,5
2.58,2.3851,5
2.6,2.3656,5
2.62,2.39,5
2.64,2.3803,5
2.66,2.3803,5
2.68,2.3754,5
2.7,2.3803,5
2.72,2.3754,5
2.74,2.3851,5
2.76,2.3851,5
2.78,2.3803,5
2.8,2.3851,5
2.82,2.39,5
2.84,2.3754,5
2.86,2.3754,5
2.88,2.3851,5
2.9,2.39,5
2.92,2.39,5
2.94,2.3851,5
2.96,2.3998,5
2.98,2.3754,5
3,2.39,5
3.02,3.4506,5
3.04,4.0958,5
3.06,4.2815,5
3.08,4.7116,5
3.1,3.2307,5
3.12,2.3851,5
3.14,2.3949,5
3.16,2.4194,5
3.18,2.3949,5
3.2,2.39,5
3.22,2.3705,5
3.24,3.0254,5
3.26,4.2375,5
3.28,4.2473,5
3.3,4.4477,5
3.32,4.5308,5
3.34,2.4976,5
3.36,2.3949,5
3.38,2.3998,5
3.4,2.39,5
3.42,2.3998,5
3.44,2.4047,5
3.46,2.4047,5
3.48,2.3803,5
3.5,2.3705,5
3.52,2.3803,5
3.54,2.3705,5
3.56,2.3803,5
3.58,2.3949,5
3.6,2.3851,5
3.62,2.3754,5
3.64,2.3754,5
3.66,2.3754,5
3.68,2.3754,5
3.7,2.3803,5
3.72,2.3851,5
3.74,2.3851,5
3.76,2.3803,5
3.78,2.39,5
3.8,2.3803,5
3.82,2.3851,5
3.84,2.3754,5
3.86,2.3851,5
3.88,2.3803,5
3.9,2.3949,5
3.92,2.3851,5
3.94,2.3851,5
3.96,2.3803,5
3.98,0,5
0,1.4027,6
0.02,1.3734,6
0.04,1.3783,6
0.06,1.3881,6
0.08,1.3734,6
0.1,1.3783,6
0.12,1.3783,6
0.14,1.3832,6
0.16,1.4956,6
0.18,1.5005,6
0.2,1.4858,6
0.22,1.4712,6
0.24,1.4858,6
0.26,1.52,6
0.28,1.5543,6
0.3,1.8182,6
0.32,3.0303,6
0.34,3.827,6
0.36,4.218,6
0.38,4.4428,6
0.4,4.5846,6
0.42,4.6676,6
0.44,4.7752,6
0.46,4.8289,6
0.48,4.8045,6
0.5,4.7996,6
0.52,4.8192,6
0.54,4.8631,6
0.56,4.8729,6
0.58,4.8583,6
0.6,4.9071,6
0.62,4.9169,6
0.64,4.912,6
0.66,4.9316,6
0.68,4.8876,6
0.7,4.8192,6
0.72,4.9022,6
0.74,4.9022,6
0.76,4.9804,6
0.78,4.5846,6
0.8,3.1232,6
0.82,1.5885,6
0.84,1.3539,6
0.86,1.3294,6
0.88,1.3001,6
0.9,1.5005,6
0.92,2.0088,6
0.94,2.1261,6
0.96,1.4809,6
0.98,1.3245,6
1,1.3148,6
1.02,1.3148,6
1.04,1.3001,6
1.06,1.3196,6
1.08,1.3392,6
1.1,1.3441,6
1.12,1.3392,6
1.14,1.3148,6
1.16,1.305,6
1.18,1.3294,6
1.2,1.305,6
1.22,1.3099,6
1.24,1.3099,6
1.26,1.3196,6
1.28,1.3441,6
1.3,1.349,6
1.32,1.3441,6
1.34,1.3441,6
1.36,1.3294,6
1.38,1.3196,6
1.4,1.3245,6
1.42,1.3099,6
1.44,1.2903,6
1.46,1.3148,6
1.48,1.3196,6
1.5,1.3245,6
1.52,1.3099,6
1.54,1.3196,6
1.56,1.3294,6
1.58,1.3196,6
1.6,1.3196,6
1.62,1.3245,6
1.64,1.3099,6
1.66,1.3001,6
1.68,1.2952,6
1.7,1.3245,6
1.72,1.305,6
1.74,1.3392,6
1.76,1.3734,6
1.78,1.3734,6
1.8,1.3881,6
1.82,1.3832,6
1.84,1.3734,6
1.86,1.3636,6
1.88,1.3783,6
1.9,1.3734,6
1.92,1.3832,6
1.94,1.3832,6
1.96,1.349,6
1.98,1.349,6
2,1.3294,6
2.02,1.3343,6
2.04,1.3245,6
2.06,1.3294,6
2.08,1.3343,6
2.1,1.349,6
2.12,1.3539,6
2.14,1.4516,6
2.16,2.7175,6
2.18,4.6774,6
2.2,4.4868,6
2.22,3.9834,6
2.24,3.4066,6
2.26,2.1945,6
2.28,1.5103,6
2.3,1.5249,6
2.32,1.4761,6
2.34,1.4761,6
2.36,1.4858,6
2.38,1.4809,6
2.4,1.4712,6
2.42,1.4761,6
2.44,1.4663,6
2.46,1.4565,6
2.48,1.4761,6
2.5,1.4761,6
2.52,1.4907,6
2.54,1.4761,6
2.56,1.4809,6
2.58,1.4809,6
2.6,1.4858,6
2.62,1.4809,6
2.64,1.4712,6
2.66,1.4809,6
2.68,1.4809,6
2.7,1.4761,6
2.72,1.4663,6
2.74,1.4663,6
2.76,1.4761,6
2.78,1.4907,6
2.8,1.4761,6
2.82,1.4761,6
2.84,1.5054,6
2.86,1.5445,6
2.88,1.52,6
2.9,1.5982,6
2.92,3.4897,6
2.94,4.4575,6
2.96,4.3939,6
2.98,4.5552,6
3,3.7146,6
3.02,1.696,6
3.04,1.3685,6
3.06,1.3685,6
3.08,1.3196,6
3.1,1.3196,6
3.12,1.3441,6
3.14,2.1896,6
3.16,4.4135,6
3.18,3.9003,6
3.2,4.5455,6
3.22,4.1593,6
3.24,1.608,6
3.26,1.3441,6
3.28,1.3783,6
3.3,1.3441,6
3.32,1.3099,6
3.34,1.5054,6
3.36,3.3871,6
3.38,3.2991,6
3.4,2.9472,6
3.42,3.6657,6
3.44,3.2942,6
3.46,2.7615,6
3.48,1.9599,6
3.5,1.5005,6
3.52,1.4614,6
3.54,1.4614,6
3.56,1.4467,6
3.58,1.4614,6
3.6,1.4565,6
3.62,1.4027,6
3.64,1.4614,6
3.66,1.4614,6
3.68,1.4321,6
3.7,1.4467,6
3.72,1.4565,6
3.74,1.4565,6
3.76,1.4663,6
3.78,1.4467,6
3.8,1.4614,6
3.82,1.4663,6
3.84,1.4467,6
3.86,1.4663,6
3.88,1.4663,6
3.9,1.4858,6
3.92,1.4761,6
3.94,1.4907,6
3.96,1.4858,6
3.98,0,6
0,2.5904,7
0.02,2.5904,7
0.04,2.5904,7
0.06,2.5953,7
0.08,2.5855,7
0.1,2.5904,7
0.12,2.5611,7
0.14,2.5855,7
0.16,3.4702,7
0.18,3.651,7
0.2,3.7048,7
0.22,3.8465,7
0.24,3.8563,7
0.26,3.695,7
0.28,3.6022,7
0.3,2.6637,7
0.32,2.6002,7
0.34,2.5904,7
0.36,2.5855,7
0.38,2.5953,7
0.4,2.5904,7
0.42,2.5904,7
0.44,2.5904,7
0.46,2.5953,7
0.48,2.6002,7
0.5,2.5904,7
0.52,2.5855,7
0.54,2.5855,7
0.56,2.5758,7
0.58,2.5904,7
0.6,2.6002,7
0.62,2.5806,7
0.64,2.6002,7
0.66,2.5953,7
0.68,2.6002,7
0.7,2.6002,7
0.72,2.6002,7
0.74,2.5904,7
0.76,2.5953,7
0.78,2.5953,7
0.8,2.6051,7
0.82,2.5953,7
0.84,2.6051,7
0.86,2.5855,7
0.88,2.5953,7
0.9,2.6002,7
0.92,2.5953,7
0.94,2.6002,7
0.96,2.5904,7
0.98,2.5953,7
1,2.5855,7
1.02,2.5855,7
1.04,2.5855,7
1.06,2.5806,7
1.08,2.6002,7
1.1,2.6197,7
1.12,2.6344,7
1.14,2.6442,7
1.16,2.6491,7
1.18,2.6295,7
1.2,2.61,7
1.22,2.6344,7
1.24,2.6197,7
1.26,2.6149,7
1.28,2.5806,7
1.3,2.5758,7
1.32,2.5611,7
1.34,2.5513,7
1.36,2.5709,7
1.38,2.7077,7
1.4,2.9668,7
1.42,2.7126,7
1.44,2.6491,7
1.46,2.61,7
1.48,2.5904,7
1.5,2.5806,7
1.52,2.5709,7
1.54,2.5806,7
1.56,2.5415,7
1.58,2.5806,7
1.6,2.5904,7
1.62,2.5709,7
1.64,2.5758,7
1.66,2.5806,7
1.68,2.5758,7
1.7,3.4555,7
1.72,4.6285,7
1.74,3.5777,7
1.76,2.9668,7
1.78,2.7126,7
1.8,2.654,7
1.82,2.6491,7
1.84,2.6686,7
1.86,2.6784,7
1.88,2.7028,7
1.9,2.7713,7
1.92,3.9247,7
1.94,3.4897,7
1.96,4.1789,7
1.98,4.6872,7
2,4.7849,7
2.02,4.7507,7
2.04,4.609,7
2.06,4.4477,7
2.08,4.0323,7
2.1,3.5875,7
2.12,2.6491,7
2.14,2.61,7
2.16,2.5953,7
2.18,2.6002,7
2.2,2.5806,7
2.22,2.5953,7
2.24,2.5806,7
2.26,2.5904,7
2.28,2.5953,7
2.3,2.5953,7
2.32,2.5806,7
2.34,2.5953,7
2.36,2.5904,7
2.38,2.5904,7
2.4,2.5855,7
2.42,2.5904,7
2.44,2.5904,7
2.46,2.6002,7
2.48,2.5758,7
2.5,2.5953,7
2.52,2.5953,7
2.54,2.5855,7
2.56,2.5904,7
2.58,2.5806,7
2.6,2.5855,7
2.62,2.5758,7
2.64,2.5904,7
2.66,2.5806,7
2.68,2.5806,7
2.7,2.5855,7
2.72,2.5855,7
2.74,2.5953,7
2.76,2.6002,7
2.78,2.5855,7
2.8,2.5904,7
2.82,2.5855,7
2.84,2.6002,7
2.86,2.5855,7
2.88,2.5904,7
2.9,2.5855,7
2.92,2.5855,7
2.94,2.5855,7
2.96,2.5758,7
2.98,2.6002,7
3,2.5855,7
3.02,2.5953,7
3.04,2.5953,7
3.06,3.48,7
3.08,4.3353,7
3.1,3.7146,7
3.12,2.61,7
3.14,2.6002,7
3.16,2.5855,7
3.18,2.6002,7
3.2,2.5953,7
3.22,2.5953,7
3.24,2.5904,7
3.26,3.216,7
3.28,3.4848,7
3.3,3.9638,7
3.32,4.2571,7
3.34,2.6295,7
3.36,2.61,7
3.38,2.5855,7
3.4,2.5953,7
3.42,2.5904,7
3.44,2.5904,7
3.46,2.5904,7
3.48,2.5855,7
3.5,2.5806,7
3.52,2.5855,7
3.54,2.5806,7
3.56,2.5758,7
3.58,2.566,7
3.6,2.61,7
3.62,2.5953,7
3.64,2.5855,7
3.66,2.5855,7
3.68,2.5904,7
3.7,2.566,7
3.72,2.5953,7
3.74,2.5806,7
3.76,2.5855,7
3.78,2.5953,7
3.8,2.5855,7
3.82,2.5855,7
3.84,2.61,7
3.86,2.5758,7
3.88,2.5806,7
3.9,2.5855,7
3.92,2.5806,7
3.94,2.5904,7
3.96,2.5904,7
3.98,0,7
0,2.3705,8
0.02,2.3705,8
0.04,2.3705,8
0.06,2.3705,8
0.08,2.3656,8
0.1,2.3705,8
0.12,2.3656,8
0.14,3.045,8
0.16,3.5093,8
0.18,3.9003,8
0.2,3.8123,8
0.22,4.0371,8
0.24,4.262,8
0.26,4.3646,8
0.28,4.3695,8
0.3,4.5797,8
0.32,4.7263,8
0.34,4.7898,8
0.36,4.8485,8
0.38,4.8631,8
0.4,4.8436,8
0.42,4.8094,8
0.44,4.6579,8
0.46,4.0958,8
0.48,3.8807,8
0.5,3.9638,8
0.52,3.6413,8
0.54,3.4262,8
0.56,3.2307,8
0.58,2.8348,8
0.6,2.9961,8
0.62,3.6119,8
0.64,2.7908,8
0.66,2.7664,8
0.68,2.5709,8
0.7,2.4585,8
0.72,2.4976,8
0.74,2.4976,8
0.76,2.8886,8
0.78,4.7019,8
0.8,4.4477,8
0.82,3.651,8
0.84,3.1965,8
0.86,2.7322,8
0.88,3.2014,8
0.9,4.7752,8
0.92,4.9365,8
0.94,4.697,8
0.96,3.2258,8
0.98,2.4096,8
1,2.4878,8
1.02,3.0596,8
1.04,3.0352,8
1.06,1.9453,8
1.08,2.0186,8
1.1,2.0772,8
1.12,2.0821,8
1.14,2.0674,8
1.16,2.0821,8
1.18,2.0772,8
1.2,2.0772,8
1.22,2.0674,8
1.24,2.087,8
1.26,2.0528,8
1.28,2.0723,8
1.3,2.087,8
1.32,2.0968,8
1.34,2.0626,8
1.36,2.0723,8
1.38,2.1065,8
1.4,2.1212,8
1.42,2.1065,8
1.44,2.1163,8
1.46,2.1065,8
1.48,2.1065,8
1.5,2.0919,8
1.52,2.0772,8
1.54,2.1017,8
1.56,2.0968,8
1.58,2.087,8
1.6,2.1017,8
1.62,2.0821,8
1.64,2.0919,8
1.66,2.0821,8
1.68,2.1212,8
1.7,2.1163,8
1.72,2.1652,8
1.74,2.2972,8
1.76,2.346,8
1.78,2.3412,8
1.8,2.346,8
1.82,2.3509,8
1.84,2.3558,8
1.86,2.346,8
1.88,2.346,8
1.9,2.3851,8
1.92,3.2747,8
1.94,3.5777,8
1.96,2.5758,8
1.98,2.1408,8
2,2.1261,8
2.02,2.1408,8
2.04,2.1701,8
2.06,2.219,8
2.08,2.4585,8
2.1,2.5513,8
2.12,2.4878,8
2.14,2.8299,8
2.16,3.5875,8
2.18,4.7458,8
2.2,4.4379,8
2.22,4.3695,8
2.24,3.9198,8
2.26,2.825,8
2.28,2.3851,8
2.3,2.39,8
2.32,2.4145,8
2.34,2.3949,8
2.36,2.4096,8
2.38,2.4047,8
2.4,2.3998,8
2.42,2.3949,8
2.44,2.4047,8
2.46,2.3998,8
2.48,2.4047,8
2.5,2.3998,8
2.52,2.4096,8
2.54,2.4194,8
2.56,2.3949,8
2.58,2.4047,8
2.6,2.3998,8
2.62,2.4096,8
2.64,2.3998,8
2.66,2.4096,8
2.68,2.4047,8
2.7,2.4145,8
2.72,2.4096,8
2.74,2.3998,8
2.76,2.3949,8
2.78,2.4096,8
2.8,2.3998,8
2.82,2.4145,8
2.84,2.4047,8
2.86,2.4047,8
2.88,2.3949,8
2.9,2.3754,8
2.92,3.1427,8
2.94,4.306,8
2.96,4.2766,8
2.98,4.6481,8
3,4.2131,8
3.02,3.6413,8
3.04,2.6295,8
3.06,2.3607,8
3.08,2.5073,8
3.1,3.7439,8
3.12,4.4037,8
3.14,4.6628,8
3.16,4.3891,8
3.18,2.3509,8
3.2,4.5992,8
3.22,4.7605,8
3.24,3.6852,8
3.26,2.6051,8
3.28,2.4291,8
3.3,2.4878,8
3.32,3.6364,8
3.34,4.7263,8
3.36,4.3744,8
3.38,2.781,8
3.4,2.781,8
3.42,3.436,8
3.44,3.2893,8
3.46,2.8495,8
3.48,2.4242,8
3.5,2.3998,8
3.52,2.3851,8
3.54,2.3998,8
3.56,2.3949,8
3.58,2.3998,8
3.6,2.3998,8
3.62,2.3949,8
3.64,2.39,8
3.66,2.3998,8
3.68,2.3998,8
3.7,2.4096,8
3.72,2.4047,8
3.74,2.3998,8
3.76,2.3949,8
3.78,2.3998,8
3.8,2.3998,8
3.82,2.3998,8
3.84,2.3998,8
3.86,2.4096,8
3.88,2.3949,8
3.9,2.3998,8
3.92,2.3998,8
3.94,2.4096,8
3.96,2.4047,8
3.98,0,8
0,2.175,9
0.02,2.1652,9
0.04,2.1701,9
0.06,2.1701,9
0.08,2.175,9
0.1,2.1652,9
0.12,2.1701,9
0.14,3.4409,9
0.16,3.7634,9
0.18,4.0371,9
0.2,4.0958,9
0.22,4.3109,9
0.24,4.4917,9
0.26,4.5161,9
0.28,4.5112,9
0.3,4.5748,9
0.32,4.565,9
0.34,4.4673,9
0.36,4.3548,9
0.38,4.0567,9
0.4,3.4848,9
0.42,2.8641,9
0.44,2.2532,9
0.46,2.1945,9
0.48,2.1994,9
0.5,2.1994,9
0.52,2.1848,9
0.54,2.2043,9
0.56,2.1994,9
0.58,2.1994,9
0.6,2.1994,9
0.62,2.2141,9
0.64,2.2092,9
0.66,2.2092,9
0.68,2.2043,9
0.7,2.1994,9
0.72,2.1994,9
0.74,2.2336,9
0.76,2.2043,9
0.78,2.3705,9
0.8,2.4585,9
0.82,2.2825,9
0.84,2.2678,9
0.86,2.2678,9
0.88,2.5269,9
0.9,3.9785,9
0.92,4.3988,9
0.94,3.0156,9
0.96,2.2385,9
0.98,2.1994,9
1,2.1994,9
1.02,2.2239,9
1.04,2.2287,9
1.06,2.0381,9
1.08,1.9941,9
1.1,2.0039,9
1.12,2.0137,9
1.14,1.9746,9
1.16,1.955,9
1.18,1.9795,9
1.2,1.9795,9
1.22,1.9844,9
1.24,1.9941,9
1.26,2.0186,9
1.28,1.999,9
1.3,1.9844,9
1.32,1.9648,9
1.34,1.9746,9
1.36,1.9501,9
1.38,1.9159,9
1.4,1.9062,9
1.42,1.9013,9
1.44,1.9257,9
1.46,1.9257,9
1.48,1.9306,9
1.5,1.9453,9
1.52,1.955,9
1.54,1.9501,9
1.56,1.9453,9
1.58,1.9257,9
1.6,1.9453,9
1.62,1.9355,9
1.64,1.911,9
1.66,1.9257,9
1.68,1.911,9
1.7,1.8671,9
1.72,1.9501,9
1.74,2.2483,9
1.76,2.2825,9
1.78,2.1799,9
1.8,2.1848,9
1.82,2.1799,9
1.84,2.1799,9
1.86,2.1799,9
1.88,2.1799,9
1.9,2.2776,9
1.92,3.9394,9
1.94,3.4751,9
1.96,2.9472,9
1.98,1.784,9
2,1.5934,9
2.02,1.7693,9
2.04,1.9208,9
2.06,2.7419,9
2.08,3.1183,9
2.1,3.2063,9
2.12,2.8641,9
2.14,3.0694,9
2.16,3.2356,9
2.18,3.0401,9
2.2,2.5709,9
2.22,3.4897,9
2.24,3.2014,9
2.26,2.3949,9
2.28,2.2141,9
2.3,2.2043,9
2.32,2.1994,9
2.34,2.1896,9
2.36,2.1945,9
2.38,2.1994,9
2.4,2.1945,9
2.42,2.1945,9
2.44,2.1994,9
2.46,2.1945,9
2.48,2.2043,9
2.5,2.1945,9
2.52,2.1945,9
2.54,2.1994,9
2.56,2.2092,9
2.58,2.2141,9
2.6,2.1896,9
2.62,2.2092,9
2.64,2.1945,9
2.66,2.2092,9
2.68,2.2043,9
2.7,2.1994,9
2.72,2.1994,9
2.74,2.1994,9
2.76,2.1994,9
2.78,2.2043,9
2.8,2.2043,9
2.82,2.2141,9
2.84,2.1945,9
2.86,2.2043,9
2.88,2.1994,9
2.9,2.2043,9
2.92,2.2581,9
2.94,3.26,9
2.96,3.3822,9
2.98,3.7977,9
3,3.9443,9
3.02,3.9052,9
3.04,2.9081,9
3.06,2.4878,9
3.08,3.5826,9
3.1,4.7605,9
3.12,3.4066,9
3.14,3.0254,9
3.16,2.3021,9
3.18,2.2043,9
3.2,3.0254,9
3.22,4.3353,9
3.24,4.1349,9
3.26,3.1329,9
3.28,2.6295,9
3.3,3.0499,9
3.32,4.7458,9
3.34,4.4721,9
3.36,2.5024,9
3.38,2.2043,9
3.4,2.2434,9
3.42,2.6149,9
3.44,2.8641,9
3.46,2.5904,9
3.48,2.2092,9
3.5,2.1994,9
3.52,2.1945,9
3.54,2.1945,9
3.56,2.1994,9
3.58,2.1994,9
3.6,2.1945,9
3.62,2.2043,9
3.64,2.1945,9
3.66,2.1848,9
3.68,2.1799,9
3.7,2.1945,9
3.72,2.1848,9
3.74,2.1896,9
3.76,2.1896,9
3.78,2.2043,9
3.8,2.1945,9
3.82,2.1994,9
3.84,2.1896,9
3.86,2.1994,9
3.88,2.1896,9
3.9,2.1945,9
3.92,2.1896,9
3.94,2.1994,9
3.96,2.1896,9
3.98,0,9
0,2.4438,10
0.02,2.4389,10
0.04,2.4291,10
0.06,2.4291,10
0.08,2.4291,10
0.1,2.4389,10
0.12,2.4633,10
0.14,3.1036,10
0.16,3.3578,10
0.18,3.6315,10
0.2,3.7439,10
0.22,3.9932,10
0.24,4.1447,10
0.26,4.0665,10
0.28,3.9492,10
0.3,3.2014,10
0.32,2.5024,10
0.34,2.434,10
0.36,2.4438,10
0.38,2.4438,10
0.4,2.4389,10
0.42,2.4389,10
0.44,2.4438,10
0.46,2.4438,10
0.48,2.4487,10
0.5,2.4438,10
0.52,2.4438,10
0.54,2.4487,10
0.56,2.4438,10
0.58,2.4438,10
0.6,2.4438,10
0.62,2.4438,10
0.64,2.4438,10
0.66,2.4438,10
0.68,2.4389,10
0.7,2.434,10
0.72,2.4438,10
0.74,2.4291,10
0.76,2.4487,10
0.78,2.4389,10
0.8,2.4536,10
0.82,2.4438,10
0.84,2.4487,10
0.86,2.4389,10
0.88,2.4438,10
0.9,2.4438,10
0.92,2.4438,10
0.94,2.4536,10
0.96,2.4438,10
0.98,2.4438,10
1,2.4389,10
1.02,2.434,10
1.04,2.4389,10
1.06,2.5415,10
1.08,2.4096,10
1.1,2.3558,10
1.12,2.3509,10
1.14,2.3412,10
1.16,2.3069,10
1.18,2.3069,10
1.2,2.3021,10
1.22,2.3118,10
1.24,2.3118,10
1.26,2.3314,10
1.28,2.3754,10
1.3,2.3412,10
1.32,2.3363,10
1.34,2.2923,10
1.36,2.2874,10
1.38,2.346,10
1.4,2.39,10
1.42,2.2825,10
1.44,2.3021,10
1.46,2.2776,10
1.48,2.2678,10
1.5,2.2678,10
1.52,2.2776,10
1.54,2.2923,10
1.56,2.2727,10
1.58,2.2923,10
1.6,2.3021,10
1.62,2.2923,10
1.64,2.263,10
1.66,2.2678,10
1.68,2.2581,10
1.7,3.2747,10
1.72,4.2913,10
1.74,3.0254,10
1.76,2.6295,10
1.78,2.4829,10
1.8,2.4633,10
1.82,2.4731,10
1.84,2.478,10
1.86,2.478,10
1.88,2.4878,10
1.9,2.6051,10
1.92,4.1838,10
1.94,3.8221,10
1.96,4.5748,10
1.98,4.7507,10
2,4.4819,10
2.02,4.2913,10
2.04,3.5875,10
2.06,4.0567,10
2.08,3.3578,10
2.1,2.7322,10
2.12,2.4976,10
2.14,2.434,10
2.16,2.434,10
2.18,2.4389,10
2.2,2.434,10
2.22,2.4438,10
2.24,2.4389,10
2.26,2.4389,10
2.28,2.4438,10
2.3,2.4389,10
2.32,2.4389,10
2.34,2.4438,10
2.36,2.434,10
2.38,2.434,10
2.4,2.4291,10
2.42,2.434,10
2.44,2.4291,10
2.46,2.4389,10
2.48,2.4389,10
2.5,2.4438,10
2.52,2.4389,10
2.54,2.4389,10
2.56,2.4242,10
2.58,2.434,10
2.6,2.4438,10
2.62,2.4389,10
2.64,2.4389,10
2.66,2.4438,10
2.68,2.4536,10
2.7,2.434,10
2.72,2.4389,10
2.74,2.4389,10
2.76,2.4389,10
2.78,2.4389,10
2.8,2.4438,10
2.82,2.4389,10
2.84,2.434,10
2.86,2.4389,10
2.88,2.4389,10
2.9,2.4291,10
2.92,2.4389,10
2.94,2.434,10
2.96,2.4389,10
2.98,2.4487,10
3,2.4487,10
3.02,2.4291,10
3.04,2.522,10
3.06,2.6588,10
3.08,4.2424,10
3.1,4.0616,10
3.12,2.4731,10
3.14,2.4194,10
3.16,2.4242,10
3.18,2.434,10
3.2,2.434,10
3.22,2.434,10
3.24,2.522,10
3.26,2.6686,10
3.28,2.6197,10
3.3,3.3822,10
3.32,4.5748,10
3.34,2.4927,10
3.36,2.4487,10
3.38,2.4291,10
3.4,2.4438,10
3.42,2.4389,10
3.44,2.434,10
3.46,2.434,10
3.48,2.4487,10
3.5,2.4389,10
3.52,2.4438,10
3.54,2.4389,10
3.56,2.4291,10
3.58,2.434,10
3.6,2.434,10
3.62,2.4291,10
3.64,2.4438,10
3.66,2.4291,10
3.68,2.4291,10
3.7,2.434,10
3.72,2.4242,10
3.74,2.434,10
3.76,2.434,10
3.78,2.4438,10
3.8,2.4291,10
3.82,2.434,10
3.84,2.4389,10
3.86,2.434,10
3.88,2.4438,10
3.9,2.4389,10
3.92,2.4389,10
3.94,2.4389,10
3.96,2.4389,10
3.98,0,10
0,2.1848,11
0.02,2.1799,11
0.04,2.1848,11
0.06,2.1848,11
0.08,2.175,11
0.1,2.175,11
0.12,2.1848,11
0.14,2.1848,11
0.16,2.2385,11
0.18,2.3216,11
0.2,2.2972,11
0.22,2.3705,11
0.24,2.6979,11
0.26,3.3382,11
0.28,3.1965,11
0.3,3.8465,11
0.32,4.0909,11
0.34,4.1838,11
0.36,4.174,11
0.38,4.2766,11
0.4,4.35,11
0.42,4.2229,11
0.44,3.9834,11
0.46,3.4751,11
0.48,3.695,11
0.5,3.6852,11
0.52,3.3675,11
0.54,2.9423,11
0.56,3.0303,11
0.58,2.869,11
0.6,2.9521,11
0.62,3.1329,11
0.64,2.566,11
0.66,2.2141,11
0.68,2.2043,11
0.7,2.2092,11
0.72,2.2092,11
0.74,2.2141,11
0.76,2.5073,11
0.78,4.6676,11
0.8,4.8338,11
0.82,4.8387,11
0.84,4.5846,11
0.86,4.0274,11
0.88,4.4233,11
0.9,4.3646,11
0.92,4.3109,11
0.94,4.8485,11
0.96,4.7067,11
0.98,4.0323,11
1,4.4526,11
1.02,4.5601,11
1.04,4.2522,11
1.06,2.1896,11
1.08,2.0186,11
1.1,2.0235,11
1.12,2.0039,11
1.14,2.0332,11
1.16,2.0332,11
1.18,2.0137,11
1.2,2.0235,11
1.22,2.0235,11
1.24,2.0283,11
1.26,2.0186,11
1.28,2.0283,11
1.3,2.0479,11
1.32,2.0528,11
1.34,2.0283,11
1.36,2.0332,11
1.38,2.0577,11
1.4,2.0577,11
1.42,2.0577,11
1.44,2.0332,11
1.46,2.0479,11
1.48,2.0332,11
1.5,2.0283,11
1.52,2.043,11
1.54,2.0283,11
1.56,2.043,11
1.58,2.043,11
1.6,2.0381,11
1.62,2.0381,11
1.64,2.0381,11
1.66,2.043,11
1.68,2.0381,11
1.7,2.0723,11
1.72,2.0723,11
1.74,2.1017,11
1.76,2.1065,11
1.78,2.1554,11
1.8,2.1359,11
1.82,2.1408,11
1.84,2.1212,11
1.86,2.1408,11
1.88,2.1359,11
1.9,2.131,11
1.92,2.1799,11
1.94,2.8152,11
1.96,2.1065,11
1.98,2.0968,11
2,2.1065,11
2.02,2.1114,11
2.04,2.1261,11
2.06,2.1505,11
2.08,2.1652,11
2.1,2.1701,11
2.12,2.1799,11
2.14,2.175,11
2.16,2.1848,11
2.18,3.695,11
2.2,4.2815,11
2.22,4.0811,11
2.24,3.651,11
2.26,2.6979,11
2.28,2.2141,11
2.3,2.2092,11
2.32,2.2043,11
2.34,2.2141,11
2.36,2.2043,11
2.38,2.1994,11
2.4,2.2043,11
2.42,2.2043,11
2.44,2.2043,11
2.46,2.1945,11
2.48,2.2141,11
2.5,2.2043,11
2.52,2.2092,11
2.54,2.1994,11
2.56,2.2043,11
2.58,2.2092,11
2.6,2.219,11
2.62,2.2043,11
2.64,2.2043,11
2.66,2.2092,11
2.68,2.2043,11
2.7,2.1994,11
2.72,2.1945,11
2.74,2.219,11
2.76,2.1994,11
2.78,2.1994,11
2.8,2.1994,11
2.82,2.2141,11
2.84,2.2141,11
2.86,2.2141,11
2.88,2.2092,11
2.9,2.3021,11
2.92,3.4946,11
2.94,3.0596,11
2.96,2.957,11
2.98,2.9472,11
3,2.1945,11
3.02,2.1848,11
3.04,2.1896,11
3.06,2.1799,11
3.08,2.175,11
3.1,2.1701,11
3.12,4.6676,11
3.14,4.7556,11
3.16,3.0743,11
3.18,2.1603,11
3.2,3.7195,11
3.22,2.8152,11
3.24,2.175,11
3.26,2.1799,11
3.28,2.1896,11
3.3,2.1799,11
3.32,2.1505,11
3.34,4.5699,11
3.36,4.3939,11
3.38,2.7126,11
3.4,2.8299,11
3.42,2.9619,11
3.44,2.61,11
3.46,2.3803,11
3.48,2.2092,11
3.5,2.1994,11
3.52,2.2141,11
3.54,2.1945,11
3.56,2.1896,11
3.58,2.1945,11
3.6,2.2043,11
3.62,2.2092,11
3.64,2.2043,11
3.66,2.1896,11
3.68,2.2092,11
3.7,2.2043,11
3.72,2.2043,11
3.74,2.1945,11
3.76,2.1945,11
3.78,2.2043,11
3.8,2.2141,11
3.82,2.1994,11
3.84,2.2043,11
3.86,2.2043,11
3.88,2.2043,11
3.9,2.219,11
3.92,2.219,11
3.94,2.2092,11
3.96,2.1994,11
3.98,0,11
0,2.3265,12
0.02,2.3363,12
0.04,2.3314,12
0.06,2.3265,12
0.08,2.3314,12
0.1,2.3363,12
0.12,2.3412,12
0.14,2.3705,12
0.16,2.5024,12
0.18,2.5611,12
0.2,2.5806,12
0.22,2.825,12
0.24,3.1867,12
0.26,3.6413,12
0.28,3.2405,12
0.3,3.436,12
0.32,3.3969,12
0.34,3.1916,12
0.36,2.9912,12
0.38,2.9326,12
0.4,2.8495,12
0.42,2.5611,12
0.44,2.3412,12
0.46,2.3265,12
0.48,2.3412,12
0.5,2.3509,12
0.52,2.346,12
0.54,2.3363,12
0.56,2.3363,12
0.58,2.3363,12
0.6,2.346,12
0.62,2.3509,12
0.64,2.3412,12
0.66,2.346,12
0.68,2.3363,12
0.7,2.3265,12
0.72,2.3363,12
0.74,2.3363,12
0.76,2.3216,12
0.78,3.045,12
0.8,3.8905,12
0.82,4.3304,12
0.84,4.7263,12
0.86,4.8729,12
0.88,4.9267,12
0.9,3.5142,12
0.92,3.1427,12
0.94,4.262,12
0.96,4.3206,12
0.98,3.2209,12
1,4.477,12
1.02,4.8729,12
1.04,4.8583,12
1.06,4.174,12
1.08,2.043,12
1.1,2.0479,12
1.12,2.0479,12
1.14,2.0137,12
1.16,2.0235,12
1.18,1.9746,12
1.2,1.9453,12
1.22,1.9306,12
1.24,1.9355,12
1.26,1.9159,12
1.28,2.3069,12
1.3,2.3509,12
1.32,2.2581,12
1.34,1.9501,12
1.36,1.9257,12
1.38,2.2141,12
1.4,2.2678,12
1.42,2.2239,12
1.44,2.2043,12
1.46,2.1457,12
1.48,2.0919,12
1.5,1.999,12
1.52,1.9501,12
1.54,1.9844,12
1.56,1.9795,12
1.58,2.0186,12
1.6,2.0723,12
1.62,2.0332,12
1.64,1.9941,12
1.66,1.999,12
1.68,2.1505,12
1.7,2.3314,12
1.72,2.3118,12
1.74,2.3314,12
1.76,2.3314,12
1.78,2.3265,12
1.8,2.3167,12
1.82,2.3363,12
1.84,2.3314,12
1.86,2.3265,12
1.88,2.346,12
1.9,2.3314,12
1.92,2.9765,12
1.94,4.4819,12
1.96,2.9961,12
1.98,2.3363,12
2,2.3118,12
2.02,2.3167,12
2.04,2.3167,12
2.06,2.3118,12
2.08,2.3412,12
2.1,2.3118,12
2.12,2.3412,12
2.14,2.3412,12
2.16,2.3363,12
2.18,2.346,12
2.2,2.5758,12
2.22,2.9032,12
2.24,2.6637,12
2.26,2.39,12
2.28,2.346,12
2.3,2.346,12
2.32,2.3363,12
2.34,2.3509,12
2.36,2.3412,12
2.38,2.3314,12
2.4,2.3363,12
2.42,2.3412,12
2.44,2.3314,12
2.46,2.3412,12
2.48,2.3412,12
2.5,2.346,12
2.52,2.346,12
2.54,2.3265,12
2.56,2.346,12
2.58,2.3069,12
2.6,2.3412,12
2.62,2.3265,12
2.64,2.3412,12
2.66,2.3412,12
2.68,2.3363,12
2.7,2.3216,12
2.72,2.3216,12
2.74,2.3705,12
2.76,2.3265,12
2.78,2.3509,12
2.8,2.3314,12
2.82,2.3656,12
2.84,2.3363,12
2.86,2.3216,12
2.88,2.3314,12
2.9,2.3558,12
2.92,2.3998,12
2.94,2.3558,12
2.96,2.3363,12
2.98,2.3412,12
3,2.346,12
3.02,2.346,12
3.04,2.3412,12
3.06,2.346,12
3.08,2.346,12
3.1,4.2375,12
3.12,4.8436,12
3.14,3.4555,12
3.16,2.3363,12
3.18,2.3118,12
3.2,2.5904,12
3.22,2.3412,12
3.24,2.3412,12
3.26,2.3412,12
3.28,2.3607,12
3.3,2.3509,12
3.32,3.0547,12
3.34,4.5015,12
3.36,2.5562,12
3.38,2.3363,12
3.4,2.3607,12
3.42,2.3803,12
3.44,2.3705,12
3.46,2.3363,12
3.48,2.3363,12
3.5,2.3265,12
3.52,2.3265,12
3.54,2.3216,12
3.56,2.3314,12
3.58,2.3509,12
3.6,2.3412,12
3.62,2.3363,12
3.64,2.3363,12
3.66,2.3363,12
3.68,2.3265,12
3.7,2.3363,12
3.72,2.3363,12
3.74,2.3314,12
3.76,2.3314,12
3.78,2.3363,12
3.8,2.3314,12
3.82,2.3509,12
3.84,2.3363,12
3.86,2.3265,12
3.88,2.3314,12
3.9,2.3265,12
3.92,2.3412,12
3.94,2.3314,12
3.96,2.3314,12
3.98,0,12
0,2.5709,13
0.02,2.5806,13
0.04,2.5806,13
0.06,2.5758,13
0.08,2.5709,13
0.1,2.5904,13
0.12,2.5855,13
0.14,2.5855,13
0.16,2.6246,13
0.18,2.7077,13
0.2,2.8104,13
0.22,3.045,13
0.24,3.392,13
0.26,3.5386,13
0.28,3.1329,13
0.3,2.7175,13
0.32,2.5904,13
0.34,2.5806,13
0.36,2.5855,13
0.38,2.5758,13
0.4,2.5855,13
0.42,2.5758,13
0.44,2.5904,13
0.46,2.5855,13
0.48,2.6002,13
0.5,2.5904,13
0.52,2.5758,13
0.54,2.5855,13
0.56,2.5904,13
0.58,2.5904,13
0.6,2.5904,13
0.62,2.5904,13
0.64,2.5806,13
0.66,2.5709,13
0.68,2.5904,13
0.7,2.5855,13
0.72,2.5855,13
0.74,2.5953,13
0.76,2.5758,13
0.78,2.5953,13
0.8,2.5806,13
0.82,2.61,13
0.84,2.781,13
0.86,2.8592,13
0.88,2.8299,13
0.9,2.5855,13
0.92,2.6002,13
0.94,2.6051,13
0.96,2.6344,13
0.98,2.61,13
1,2.6588,13
1.02,3.0987,13
1.04,3.8856,13
1.06,4.4673,13
1.08,4.0029,13
1.1,3.9589,13
1.12,4.1202,13
1.14,4.1202,13
1.16,4.1105,13
1.18,3.8661,13
1.2,3.5679,13
1.22,3.607,13
1.24,3.6022,13
1.26,3.5728,13
1.28,3.6608,13
1.3,4.0714,13
1.32,4.0029,13
1.34,3.5288,13
1.36,3.5777,13
1.38,4.4184,13
1.4,4.5015,13
1.42,4.2669,13
1.44,4.2962,13
1.46,3.9198,13
1.48,3.6559,13
1.5,3.3333,13
1.52,3.3382,13
1.54,3.5191,13
1.56,3.5239,13
1.58,3.783,13
1.6,3.9345,13
1.62,3.6804,13
1.64,3.3822,13
1.66,3.3773,13
1.68,3.9345,13
1.7,4.2962,13
1.72,3.1329,13
1.74,2.7077,13
1.76,2.6002,13
1.78,2.5758,13
1.8,2.566,13
1.82,2.5758,13
1.84,2.5758,13
1.86,2.5855,13
1.88,2.5806,13
1.9,2.5904,13
1.92,3.9296,13
1.94,4.5308,13
1.96,4.6481,13
1.98,3.7341,13
2,2.9179,13
2.02,2.6344,13
2.04,2.5855,13
2.06,2.5953,13
2.08,2.5806,13
2.1,2.5806,13
2.12,2.5806,13
2.14,2.5855,13
2.16,2.5709,13
2.18,2.5855,13
2.2,2.5904,13
2.22,2.5953,13
2.24,2.5758,13
2.26,2.5855,13
2.28,2.5758,13
2.3,2.5758,13
2.32,2.5904,13
2.34,2.5806,13
2.36,2.5855,13
2.38,2.5806,13
2.4,2.5855,13
2.42,2.566,13
2.44,2.5806,13
2.46,2.5855,13
2.48,2.5904,13
2.5,2.5758,13
2.52,2.5855,13
2.54,2.5855,13
2.56,2.5806,13
2.58,2.5806,13
2.6,2.5758,13
2.62,2.566,13
2.64,2.5855,13
2.66,2.5855,13
2.68,2.5855,13
2.7,2.5758,13
2.72,2.5855,13
2.74,2.5758,13
2.76,2.5855,13
2.78,2.5806,13
2.8,2.5758,13
2.82,2.5855,13
2.84,2.5855,13
2.86,2.5758,13
2.88,2.5904,13
2.9,2.5806,13
2.92,2.5758,13
2.94,2.5806,13
2.96,2.5904,13
2.98,2.5904,13
3,2.5806,13
3.02,2.5904,13
3.04,2.5904,13
3.06,2.5904,13
3.08,2.6246,13
3.1,4.0371,13
3.12,2.9912,13
3.14,2.5855,13
3.16,2.5855,13
3.18,2.5758,13
3.2,2.5855,13
3.22,2.5758,13
3.24,2.5758,13
3.26,2.5855,13
3.28,2.5758,13
3.3,2.5806,13
3.32,3.3382,13
3.34,2.7273,13
3.36,2.5758,13
3.38,2.5904,13
3.4,2.5855,13
3.42,2.5806,13
3.44,2.5855,13
3.46,2.5904,13
3.48,2.5758,13
3.5,2.5758,13
3.52,2.5806,13
3.54,2.5758,13
3.56,2.5855,13
3.58,2.5709,13
3.6,2.5904,13
3.62,2.5855,13
3.64,2.5855,13
3.66,2.5758,13
3.68,2.5806,13
3.7,2.5758,13
3.72,2.5709,13
3.74,2.5806,13
3.76,2.5806,13
3.78,2.5758,13
3.8,2.5806,13
3.82,2.5855,13
3.84,2.5806,13
3.86,2.5709,13
3.88,2.5855,13
3.9,2.5806,13
3.92,2.5904,13
3.94,2.5806,13
3.96,2.5855,13
3.98,0,13
0,2.2727,14
0.02,2.2776,14
0.04,2.2581,14
0.06,2.2678,14
0.08,2.2776,14
0.1,2.2678,14
0.12,2.2776,14
0.14,2.2776,14
0.16,2.2727,14
0.18,2.2776,14
0.2,2.2776,14
0.22,2.2727,14
0.24,2.9277,14
0.26,3.3187,14
0.28,3.0059,14
0.3,3.3089,14
0.32,3.216,14
0.34,2.9374,14
0.36,2.61,14
0.38,2.61,14
0.4,2.6149,14
0.42,2.4389,14
0.44,2.3851,14
0.46,2.3412,14
0.48,2.3607,14
0.5,2.3558,14
0.52,2.3412,14
0.54,2.3021,14
0.56,2.3216,14
0.58,2.3021,14
0.6,2.2923,14
0.62,2.2923,14
0.64,2.2776,14
0.66,2.2825,14
0.68,2.2776,14
0.7,2.2874,14
0.72,2.2727,14
0.74,2.2727,14
0.76,2.2874,14
0.78,3.5191,14
0.8,4.6041,14
0.82,4.8143,14
0.84,4.8387,14
0.86,4.6921,14
0.88,4.4917,14
0.9,2.8983,14
0.92,3.2502,14
0.94,4.653,14
0.96,4.8192,14
0.98,4.8387,14
1,4.8583,14
1.02,4.7654,14
1.04,4.7165,14
1.06,4.2424,14
1.08,3.3236,14
1.1,2.6931,14
1.12,2.1848,14
1.14,2.1848,14
1.16,2.1994,14
1.18,2.1799,14
1.2,2.175,14
1.22,2.1799,14
1.24,2.1896,14
1.26,2.2776,14
1.28,3.6119,14
1.3,3.0499,14
1.32,2.3118,14
1.34,2.2043,14
1.36,2.1896,14
1.38,2.2092,14
1.4,2.219,14
1.42,2.2092,14
1.44,2.2092,14
1.46,2.1945,14
1.48,2.1994,14
1.5,2.1945,14
1.52,2.1848,14
1.54,2.2043,14
1.56,2.1994,14
1.58,2.1896,14
1.6,2.1994,14
1.62,2.1896,14
1.64,2.1945,14
1.66,2.1896,14
1.68,2.2043,14
1.7,2.219,14
1.72,2.2239,14
1.74,2.2336,14
1.76,2.2434,14
1.78,2.2483,14
1.8,2.2385,14
1.82,2.2483,14
1.84,2.2532,14
1.86,2.2581,14
1.88,2.2483,14
1.9,2.2385,14
1.92,2.869,14
1.94,4.0714,14
1.96,2.2678,14
1.98,2.2483,14
2,2.2483,14
2.02,2.2532,14
2.04,2.263,14
2.06,2.2678,14
2.08,2.263,14
2.1,2.2678,14
2.12,2.2776,14
2.14,2.2678,14
2.16,2.2776,14
2.18,2.3118,14
2.2,3.0499,14
2.22,3.2405,14
2.24,2.9423,14
2.26,2.4194,14
2.28,2.2825,14
2.3,2.263,14
2.32,2.2678,14
2.34,2.2776,14
2.36,2.2825,14
2.38,2.2776,14
2.4,2.2825,14
2.42,2.2727,14
2.44,2.2776,14
2.46,2.2825,14
2.48,2.2776,14
2.5,2.2776,14
2.52,2.2678,14
2.54,2.2874,14
2.56,2.2776,14
2.58,2.2825,14
2.6,2.2776,14
2.62,2.263,14
2.64,2.2776,14
2.66,2.2825,14
2.68,2.2678,14
2.7,2.2776,14
2.72,2.263,14
2.74,2.2776,14
2.76,2.2727,14
2.78,2.2825,14
2.8,2.2727,14
2.82,2.2678,14
2.84,2.2678,14
2.86,2.2727,14
2.88,2.2678,14
2.9,2.3314,14
2.92,2.4682,14
2.94,2.2825,14
2.96,2.2874,14
2.98,2.3021,14
3,2.2874,14
3.02,2.2776,14
3.04,2.2776,14
3.06,2.2678,14
3.08,2.2874,14
3.1,3.4653,14
3.12,4.5748,14
3.14,4.2473,14
3.16,2.3021,14
3.18,2.2483,14
3.2,2.2972,14
3.22,2.2776,14
3.24,2.2776,14
3.26,2.2727,14
3.28,2.2776,14
3.3,2.2727,14
3.32,2.2727,14
3.34,4.3206,14
3.36,3.4995,14
3.38,2.3851,14
3.4,2.4096,14
3.42,2.3558,14
3.44,2.2825,14
3.46,2.263,14
3.48,2.2678,14
3.5,2.2678,14
3.52,2.2776,14
3.54,2.2776,14
3.56,2.2727,14
3.58,2.2874,14
3.6,2.2727,14
3.62,2.2776,14
3.64,2.2825,14
3.66,2.2727,14
3.68,2.2727,14
3.7,2.2727,14
3.72,2.2776,14
3.74,2.2776,14
3.76,2.2727,14
3.78,2.2776,14
3.8,2.2727,14
3.82,2.263,14
3.84,2.2727,14
3.86,2.2874,14
3.88,2.263,14
3.9,2.2581,14
3.92,2.2825,14
3.94,2.2727,14
3.96,2.2776,14
3.98,0,14
0,2.1945,15
0.02,2.2141,15
0.04,2.1994,15
0.06,2.2141,15
0.08,2.2141,15
0.1,2.2092,15
0.12,2.2239,15
0.14,2.3949,15
0.16,2.3705,15
0.18,2.3412,15
0.2,2.3412,15
0.22,2.3558,15
0.24,2.6588,15
0.26,2.8837,15
0.28,2.8006,15
0.3,2.9081,15
0.32,2.8983,15
0.34,2.7908,15
0.36,2.6344,15
0.38,2.5611,15
0.4,2.5122,15
0.42,2.3705,15
0.44,2.3216,15
0.46,2.3069,15
0.48,2.3363,15
0.5,2.3265,15
0.52,2.3021,15
0.54,2.2923,15
0.56,2.2874,15
0.58,2.2678,15
0.6,2.2776,15
0.62,2.2727,15
0.64,2.2581,15
0.66,2.2678,15
0.68,2.2532,15
0.7,2.2581,15
0.72,2.2483,15
0.74,2.2532,15
0.76,2.2678,15
0.78,2.8886,15
0.8,3.5777,15
0.82,4.0714,15
0.84,4.2913,15
0.86,4.3109,15
0.88,4.1935,15
0.9,3.0401,15
0.92,3.1574,15
0.94,3.7634,15
0.96,4.1398,15
0.98,4.2571,15
1,4.4917,15
1.02,4.5259,15
1.04,4.5846,15
1.06,4.3255,15
1.08,3.8612,15
1.1,3.4946,15
1.12,3.1867,15
1.14,3.0352,15
1.16,2.8592,15
1.18,2.869,15
1.2,2.8592,15
1.22,2.8495,15
1.24,2.9374,15
1.26,3.1525,15
1.28,3.9345,15
1.3,3.7097,15
1.32,3.4213,15
1.34,3.3089,15
1.36,3.0059,15
1.38,2.781,15
1.4,2.6442,15
1.42,2.5953,15
1.44,2.7566,15
1.46,2.8104,15
1.48,2.7761,15
1.5,2.8152,15
1.52,2.8348,15
1.54,2.9228,15
1.56,2.9374,15
1.58,2.9277,15
1.6,2.9423,15
1.62,2.8788,15
1.64,2.7322,15
1.66,2.6882,15
1.68,2.7175,15
1.7,2.3851,15
1.72,2.2581,15
1.74,2.1701,15
1.76,2.1408,15
1.78,2.1554,15
1.8,2.1896,15
1.82,2.1896,15
1.84,2.219,15
1.86,2.2385,15
1.88,2.2336,15
1.9,2.2776,15
1.92,2.9619,15
1.94,3.7243,15
1.96,2.8104,15
1.98,2.346,15
2,2.2678,15
2.02,2.2581,15
2.04,2.2581,15
2.06,2.3118,15
2.08,2.2385,15
2.1,2.1799,15
2.12,2.1994,15
2.14,2.2092,15
2.16,2.2483,15
2.18,2.219,15
2.2,2.5904,15
2.22,2.7957,15
2.24,2.6588,15
2.26,2.3656,15
2.28,2.2776,15
2.3,2.263,15
2.32,2.2532,15
2.34,2.2678,15
2.36,2.2678,15
2.38,2.2434,15
2.4,2.2385,15
2.42,2.2287,15
2.44,2.2727,15
2.46,2.1799,15
2.48,2.1896,15
2.5,2.1505,15
2.52,2.2385,15
2.54,2.2336,15
2.56,2.2434,15
2.58,2.263,15
2.6,2.263,15
2.62,2.2581,15
2.64,2.2336,15
2.66,2.2483,15
2.68,2.2434,15
2.7,2.2287,15
2.72,2.2581,15
2.74,2.2532,15
2.76,2.2581,15
2.78,2.2434,15
2.8,2.2239,15
2.82,2.2483,15
2.84,2.2385,15
2.86,2.2239,15
2.88,2.219,15
2.9,2.2434,15
2.92,2.3949,15
2.94,2.3656,15
2.96,2.346,15
2.98,2.3118,15
3,2.3118,15
3.02,2.3021,15
3.04,2.2385,15
3.06,2.2532,15
3.08,2.3607,15
3.1,3.0108,15
3.12,3.8025,15
3.14,3.5679,15
3.16,2.6588,15
3.18,2.4829,15
3.2,2.5464,15
3.22,2.4633,15
3.24,2.4047,15
3.26,2.3167,15
3.28,2.2727,15
3.3,2.3949,15
3.32,2.4731,15
3.34,3.2649,15
3.36,2.8543,15
3.38,2.4731,15
3.4,2.434,15
3.42,2.4291,15
3.44,2.3509,15
3.46,2.2581,15
3.48,2.2385,15
3.5,2.2483,15
3.52,2.2239,15
3.54,2.2141,15
3.56,2.1945,15
3.58,2.1945,15
3.6,2.3558,15
3.62,2.3558,15
3.64,2.1994,15
3.66,2.1799,15
3.68,2.1505,15
3.7,2.2092,15
3.72,2.2336,15
3.74,2.219,15
3.76,2.2385,15
3.78,2.2434,15
3.8,2.2385,15
3.82,2.2336,15
3.84,2.2385,15
3.86,2.2385,15
3.88,2.2385,15
3.9,2.2043,15
3.92,2.2434,15
3.94,2.2532,15
3.96,2.2776,15
3.98,0,15
0,2.6393,16
0.02,2.6197,16
0.04,2.6197,16
0.06,2.6442,16
0.08,2.6344,16
0.1,2.6344,16
0.12,2.6295,16
0.14,2.6393,16
0.16,2.6442,16
0.18,2.6442,16
0.2,2.6882,16
0.22,2.7419,16
0.24,2.8006,16
0.26,2.8348,16
0.28,2.7761,16
0.3,2.7322,16
0.32,2.6442,16
0.34,2.6491,16
0.36,2.6295,16
0.38,2.6442,16
0.4,2.6442,16
0.42,2.6393,16
0.44,2.6588,16
0.46,2.6442,16
0.48,2.6442,16
0.5,2.6295,16
0.52,2.6442,16
0.54,2.6393,16
0.56,2.6442,16
0.58,2.6393,16
0.6,2.6442,16
0.62,2.6295,16
0.64,2.6344,16
0.66,2.6442,16
0.68,2.6393,16
0.7,2.5953,16
0.72,2.6393,16
0.74,2.6735,16
0.76,2.6491,16
0.78,2.6442,16
0.8,2.957,16
0.82,3.1525,16
0.84,3.3236,16
0.86,3.3969,16
0.88,3.1085,16
0.9,2.6442,16
0.92,2.6442,16
0.94,2.9521,16
0.96,3.045,16
0.98,2.9668,16
1,3.2258,16
1.02,3.3871,16
1.04,4.5015,16
1.06,4.8583,16
1.08,4.9071,16
1.1,4.8778,16
1.12,4.9022,16
1.14,4.8925,16
1.16,4.8778,16
1.18,4.8827,16
1.2,4.8631,16
1.22,4.8485,16
1.24,4.8631,16
1.26,4.9316,16
1.28,4.9853,16
1.3,5,16
1.32,5,16
1.34,4.9951,16
1.36,4.9071,16
1.38,4.7019,16
1.4,4.6628,16
1.42,4.8045,16
1.44,4.8827,16
1.46,4.8925,16
1.48,4.9071,16
1.5,4.9267,16
1.52,4.9365,16
1.54,4.9462,16
1.56,4.9462,16
1.58,4.9658,16
1.6,4.9462,16
1.62,4.9658,16
1.64,4.9267,16
1.66,4.912,16
1.68,4.8534,16
1.7,3.2698,16
1.72,2.6979,16
1.74,2.6051,16
1.76,2.6051,16
1.78,2.61,16
1.8,2.6002,16
1.82,2.6246,16
1.84,2.6002,16
1.86,2.6051,16
1.88,2.6149,16
1.9,2.6149,16
1.92,3.563,16
1.94,4.5015,16
1.96,4.0371,16
1.98,2.7859,16
2,2.7077,16
2.02,2.6246,16
2.04,2.6051,16
2.06,2.6197,16
2.08,2.5904,16
2.1,2.6295,16
2.12,2.6149,16
2.14,2.6442,16
2.16,2.6197,16
2.18,2.6197,16
2.2,2.6246,16
2.22,2.6149,16
2.24,2.6393,16
2.26,2.6491,16
2.28,2.6246,16
2.3,2.6051,16
2.32,2.6295,16
2.34,2.6393,16
2.36,2.6295,16
2.38,2.61,16
2.4,2.61,16
2.42,2.6246,16
2.44,2.6197,16
2.46,2.61,16
2.48,2.61,16
2.5,2.6197,16
2.52,2.6246,16
2.54,2.61,16
2.56,2.6393,16
2.58,2.6295,16
2.6,2.6197,16
2.62,2.6246,16
2.64,2.6051,16
2.66,2.6246,16
2.68,2.6197,16
2.7,2.6246,16
2.72,2.6149,16
2.74,2.6149,16
2.76,2.61,16
2.78,2.6295,16
2.8,2.6246,16
2.82,2.6246,16
2.84,2.5953,16
2.86,2.6197,16
2.88,2.6393,16
2.9,2.6197,16
2.92,2.6149,16
2.94,2.6149,16
2.96,2.6149,16
2.98,2.6295,16
3,2.6246,16
3.02,2.6197,16
3.04,2.6393,16
3.06,2.6197,16
3.08,2.6149,16
3.1,3.1378,16
3.12,2.957,16
3.14,2.6833,16
3.16,2.6149,16
3.18,2.6246,16
3.2,2.61,16
3.22,2.6246,16
3.24,2.6246,16
3.26,2.6197,16
3.28,2.6246,16
3.3,2.6149,16
3.32,2.8886,16
3.34,2.8397,16
3.36,2.6393,16
3.38,2.6491,16
3.4,2.6246,16
3.42,2.6149,16
3.44,2.6002,16
3.46,2.6051,16
3.48,2.6246,16
3.5,2.6197,16
3.52,2.6149,16
3.54,2.6246,16
3.56,2.6344,16
3.58,2.6197,16
3.6,2.6197,16
3.62,2.6442,16
3.64,2.6197,16
3.66,2.6246,16
3.68,2.6002,16
3.7,2.6149,16
3.72,2.61,16
3.74,2.61,16
3.76,2.6295,16
3.78,2.6149,16
3.8,2.6149,16
3.82,2.6197,16
3.84,2.61,16
3.86,2.61,16
3.88,2.6246,16
3.9,2.6295,16
3.92,2.6246,16
3.94,2.6295,16
3.96,2.6246,16
3.98,0,16
